Lowest_gadm_level_entered,ADM_0,ADM1_name,ADM1_code,ADM2_name,ADM2_code,ADM_3,ADM3_code,ADM4,YEAR,Year_end,AGE (lower),AGE (upper),age_mean,GENDER,"Human-Human (1), Zoonotic (0), Unknown (NA)",OCCUPATION,SAMPLE SIZE,POSITIVE,TEST USED,SOURCE,NOTES
0,SLE,,,,,,,,2007,,,,,,,suspected case,51,21,,Ohearn,Tested suspected LF cases
0,SLE,,,,,,,,2008,,,,,,,suspected case,151,86,,Ohearn,Tested suspected LF cases
0,SLE,,,,,,,,2010,,,,,,,suspected case,195,99,,Ohearn,Tested suspected LF cases
0,SLE,,,,,,,,2011,,,,,,,suspected case,153,55,,Ohearn,Tested suspected LF cases
0,SLE,,,,,,,,2012,,,,,,,suspected case,66,44,,Ohearn,Tested suspected LF cases
0,SLE,,,,,,,,2013,,,,,,,suspected case,41,25,,Ohearn,Tested suspected LF cases
0,SLE,,,,,,,,2014,,,,,,,suspected case,19,7,,Ohearn,Tested suspected LF cases
3,NGA,Borno,NGA.8_1,Askira-Uba,NGA.8.2_1,Lassa,,,1970,,0,1,,,,,7,0,NT,Arnold,
3,NGA,Borno,NGA.8_1,Askira-Uba,NGA.8.2_1,Lassa,,,1970,,1,9,,,,,64,4,NT,Arnold,
3,NGA,Borno,NGA.8_1,Askira-Uba,NGA.8.2_1,Lassa,,,1970,,10,19,,,,,123,6,NT,Arnold,
3,NGA,Borno,NGA.8_1,Askira-Uba,NGA.8.2_1,Lassa,,,1970,,20,34,,,,,128,8,NT,Arnold,
3,NGA,Borno,NGA.8_1,Askira-Uba,NGA.8.2_1,Lassa,,,1970,,35,54,,,,,106,7,NT,Arnold,
3,NGA,Borno,NGA.8_1,Askira-Uba,NGA.8.2_1,Lassa,,,1970,,55,,,,,,6,0,NT,Arnold,
3,NGA,Borno,NGA.8_1,Askira-Uba,NGA.8.2_1,Lassa,,,1970,,0,1,,,,,0,0,NT,Arnold,
3,NGA,Borno,NGA.8_1,Askira-Uba,NGA.8.2_1,Lassa,,,1970,,1,9,,,,,113,5,NT,Arnold,
3,NGA,Borno,NGA.8_1,Askira-Uba,NGA.8.2_1,Lassa,,,1970,,10,19,,,,,84,6,NT,Arnold,
3,NGA,Borno,NGA.8_1,Askira-Uba,NGA.8.2_1,Lassa,,,1970,,20,34,,,,,66,4,NT,Arnold,
3,NGA,Borno,NGA.8_1,Askira-Uba,NGA.8.2_1,Lassa,,,1970,,35,54,,,,,67,3,NT,Arnold,
3,NGA,Borno,NGA.8_1,Askira-Uba,NGA.8.2_1,Lassa,,,1970,,55,,,,,,6,0,NT,Arnold,
3,SLE,Eastern,SLE.1_1,Kenema,SLE.1.2_1,Lower Bambara,SLE.1.2.8_1,Panguma/Tongo,1972,,0,9,,NA,NA,,99,5,CF,FRASER,control compound
3,SLE,Eastern,SLE.1_1,Kenema,SLE.1.2_1,Lower Bambara,SLE.1.2.8_1,Panguma/Tongo,1972,,10,19,,NA,NA,,52,3,CF,FRASER,control compound
3,SLE,Eastern,SLE.1_1,Kenema,SLE.1.2_1,Lower Bambara,SLE.1.2.8_1,Panguma/Tongo,1972,,20,29,,NA,NA,,50,5,CF,FRASER,control compound
3,SLE,Eastern,SLE.1_1,Kenema,SLE.1.2_1,Lower Bambara,SLE.1.2.8_1,Panguma/Tongo,1972,,30,39,,NA,NA,,34,1,CF,FRASER,control compound
3,SLE,Eastern,SLE.1_1,Kenema,SLE.1.2_1,Lower Bambara,SLE.1.2.8_1,Panguma/Tongo,1972,,40,NA,,NA,NA,,20,2,CF,FRASER,control compound
3,SLE,Eastern,SLE.1_1,Kenema,SLE.1.2_1,Lower Bambara,SLE.1.2.8_1,Panguma/Tongo,1972,,0,9,,NA,NA,,74,7,CF,FRASER,case compound
3,SLE,Eastern,SLE.1_1,Kenema,SLE.1.2_1,Lower Bambara,SLE.1.2.8_1,Panguma/Tongo,1972,,10,19,,NA,NA,,33,6,CF,FRASER,case compound
3,SLE,Eastern,SLE.1_1,Kenema,SLE.1.2_1,Lower Bambara,SLE.1.2.8_1,Panguma/Tongo,1972,,20,29,,NA,NA,,59,10,CF,FRASER,case compound
3,SLE,Eastern,SLE.1_1,Kenema,SLE.1.2_1,Lower Bambara,SLE.1.2.8_1,Panguma/Tongo,1972,,30,39,,NA,NA,,23,4,CF,FRASER,case compound
3,SLE,Eastern,SLE.1_1,Kenema,SLE.1.2_1,Lower Bambara,SLE.1.2.8_1,Panguma/Tongo,1972,,40,NA,,NA,NA,,17,0,CF,FRASER,case compound
2,SLE,Eastern,SLE.1_1,Kenema,SLE.1.2_1,,,,2015,2018,0,4,,,,,905,120,ReLASV ELISA,GRANT,
2,SLE,Eastern,SLE.1_1,Kenema,SLE.1.2_1,,,,2015,2018,5,9,,,,,698,157,ReLASV ELISA,GRANT,
2,SLE,Eastern,SLE.1_1,Kenema,SLE.1.2_1,,,,2015,2018,10,14,,,,,394,89,ReLASV ELISA,GRANT,
2,SLE,Eastern,SLE.1_1,Kenema,SLE.1.2_1,,,,2015,2018,15,19,,,,,498,116,ReLASV ELISA,GRANT,
2,SLE,Eastern,SLE.1_1,Kenema,SLE.1.2_1,,,,2015,2018,20,24,,,,,458,94,ReLASV ELISA,GRANT,
2,SLE,Eastern,SLE.1_1,Kenema,SLE.1.2_1,,,,2015,2018,25,29,,,,,395,93,ReLASV ELISA,GRANT,
2,SLE,Eastern,SLE.1_1,Kenema,SLE.1.2_1,,,,2015,2018,30,34,,,,,359,72,ReLASV ELISA,GRANT,
2,SLE,Eastern,SLE.1_1,Kenema,SLE.1.2_1,,,,2015,2018,35,39,,,,,265,53,ReLASV ELISA,GRANT,
2,SLE,Eastern,SLE.1_1,Kenema,SLE.1.2_1,,,,2015,2018,40,44,,,,,397,73,ReLASV ELISA,GRANT,
2,SLE,Eastern,SLE.1_1,Kenema,SLE.1.2_1,,,,2015,2018,45,49,,,,,183,31,ReLASV ELISA,GRANT,
2,SLE,Eastern,SLE.1_1,Kenema,SLE.1.2_1,,,,2015,2018,50,54,,,,,133,31,ReLASV ELISA,GRANT,
2,SLE,Eastern,SLE.1_1,Kenema,SLE.1.2_1,,,,2015,2018,55,59,,,,,142,31,ReLASV ELISA,GRANT,
2,SLE,Eastern,SLE.1_1,Kenema,SLE.1.2_1,,,,2015,2018,60,64,,,,,216,52,ReLASV ELISA,GRANT,
2,SLE,Eastern,SLE.1_1,Kenema,SLE.1.2_1,,,,2015,2018,65,69,,,,,72,18,ReLASV ELISA,GRANT,
2,SLE,Eastern,SLE.1_1,Kenema,SLE.1.2_1,,,,2015,2018,70,,,,,,53,10,ReLASV ELISA,GRANT,
2,SLE,Northern,SLE.2_1,Port Loko,SLE.2.4_1,,,,2015,2018,0,4,,,,,246,23,ReLASV ELISA,GRANT,
2,SLE,Northern,SLE.2_1,Port Loko,SLE.2.4_1,,,,2015,2018,5,9,,,,,205,29,ReLASV ELISA,GRANT,
2,SLE,Northern,SLE.2_1,Port Loko,SLE.2.4_1,,,,2015,2018,10,14,,,,,234,38,ReLASV ELISA,GRANT,
2,SLE,Northern,SLE.2_1,Port Loko,SLE.2.4_1,,,,2015,2018,15,19,,,,,351,53,ReLASV ELISA,GRANT,
2,SLE,Northern,SLE.2_1,Port Loko,SLE.2.4_1,,,,2015,2018,20,24,,,,,243,22,ReLASV ELISA,GRANT,
2,SLE,Northern,SLE.2_1,Port Loko,SLE.2.4_1,,,,2015,2018,25,29,,,,,205,37,ReLASV ELISA,GRANT,
2,SLE,Northern,SLE.2_1,Port Loko,SLE.2.4_1,,,,2015,2018,30,34,,,,,129,21,ReLASV ELISA,GRANT,
2,SLE,Northern,SLE.2_1,Port Loko,SLE.2.4_1,,,,2015,2018,35,39,,,,,129,21,ReLASV ELISA,GRANT,
1,NGA,Edo,NGA.12_1,,,,,,2003-04,,NA,NA,,NA,NA,febrile patients,31,7,IFA,OMILABU,
1,NGA,Edo,NGA.12_1,,,,,,2003-04,,NA,NA,,NA,NA,,17,2,IFA,OMILABU,
1,NGA,Edo,NGA.12_1,,,,,,2003-04,,NA,NA,,NA,NA,healthcare workers,12,4,IFA,OMILABU,
2,CIV,Montagnes,CIV.8_1,Guémon,CIV.8.2_1,Duekoue,,,2000,,NA,NA,,NA,NA,,39,8,IFA,AKOUA-KOFFI,
2,CIV,Montagnes,CIV.8_1,Cavally,CIV.8.1_1,Guiglo,,,2000,,NA,NA,,NA,NA,,124,33,IFA,AKOUA-KOFFI,
2,GIN,Kindia,GIN.5_1,Kindia,GIN.5.4_1,Madina Oula (Ouassou),,,1982,1983,NA,NA,,NA,NA,,22,3,,BOIRO,
2,GIN,Nzerekore,GIN.8_1,Guéckédou,GIN.8.2_1,,,,1993,,NA,NA,,NA,NA,,751,105,,TER MEULEN,19 villages
2,GIN,Mamou,GIN.7_1,Pita,GIN.7.3_1,,,,1993,,NA,NA,,NA,NA,,232,7,,TER MEULEN,6 villages
3,GIN,Kindia,GIN.5_1,Dubréka,GIN.5.2_1,Ouassou/Tanene,,,2002,,NA,NA,,NA,NA,,186,14,,https://books.google.com/books?id=cYlqAAAAQBAJ&pg=PA94&lpg=PA94&dq=mangala+sandia+sokoro&source=bl&ots=lBEh5E3WGl&sig=ACfU3U36l3i-XoOd1Nhnqys4aO9mXheZTg&hl=en&sa=X&ved=2ahUKEwiWx9mPr7TiAhURVK0KHV_FB7kQ6AEwAHoECAgQAQ#v=onepage&q=mangala%20sandia%20sokoro&f=false,
3,GIN,Nzérékoré,GIN.8_1,Yamou,GIN.8.6_1,Manangoya,,,2000,,NA,NA,,NA,NA,,12,0,,SHAFFER,
2,SLE,Northern,SLE.2_1,Port Loko,SLE.2.4_1,,,,2015,2018,40,44,,,,,215,33,ReLASV ELISA,GRANT,
2,SLE,Northern,SLE.2_1,Port Loko,SLE.2.4_1,,,,2015,2018,45,49,,,,,86,15,ReLASV ELISA,GRANT,
2,SLE,Northern,SLE.2_1,Port Loko,SLE.2.4_1,,,,2015,2018,50,54,,,,,68,7,ReLASV ELISA,GRANT,
2,SLE,Northern,SLE.2_1,Port Loko,SLE.2.4_1,,,,2015,2018,55,59,,,,,67,9,ReLASV ELISA,GRANT,
2,SLE,Northern,SLE.2_1,Port Loko,SLE.2.4_1,,,,2015,2018,60,64,,,,,79,11,ReLASV ELISA,GRANT,
2,SLE,Northern,SLE.2_1,Port Loko,SLE.2.4_1,,,,2015,2018,65,69,,,,,15,1,ReLASV ELISA,GRANT,
2,BEN,Borgou,BEN.4_1,Bembéréké,BEN.4.1_1,,,,1977,,NA,NA,,NA,NA,,4,1,,https://books.google.com/books?id=cYlqAAAAQBAJ&pg=PA94&lpg=PA94&dq=mangala+sandia+sokoro&source=bl&ots=lBEh5E3WGl&sig=ACfU3U36l3i-XoOd1Nhnqys4aO9mXheZTg&hl=en&sa=X&ved=2ahUKEwiWx9mPr7TiAhURVK0KHV_FB7kQ6AEwAHoECAgQAQ#v=onepage&q=lukashevich&f=false,
3,LBR,Lofa,LBR.8_1,Zorzor,LBR.8.6_1,Zigida,,,1972,,NA,NA,,NA,NA,,133,4,,MONATH,
2,SLE,Northern,SLE.2_1,Port Loko,SLE.2.4_1,,,,2015,2018,70,,,,,,6,2,ReLASV ELISA,GRANT,
2,SLE,Northern,SLE.2_1,Tonkolili,SLE.2.5_1,,,,2015,2018,0,4,,,,,393,37,ReLASV ELISA,GRANT,
2,SLE,Northern,SLE.2_1,Tonkolili,SLE.2.5_1,,,,2015,2018,5,9,,,,,318,25,ReLASV ELISA,GRANT,
2,SLE,Northern,SLE.2_1,Tonkolili,SLE.2.5_1,,,,2015,2018,10,14,,,,,371,51,ReLASV ELISA,GRANT,
2,SLE,Northern,SLE.2_1,Tonkolili,SLE.2.5_1,,,,2015,2018,15,19,,,,,406,41,ReLASV ELISA,GRANT,
2,SLE,Northern,SLE.2_1,Tonkolili,SLE.2.5_1,,,,2015,2018,20,24,,,,,316,44,ReLASV ELISA,GRANT,
2,SLE,Northern,SLE.2_1,Tonkolili,SLE.2.5_1,,,,2015,2018,25,29,,,,,228,18,ReLASV ELISA,GRANT,
2,SLE,Northern,SLE.2_1,Tonkolili,SLE.2.5_1,,,,2015,2018,30,34,,,,,176,16,ReLASV ELISA,GRANT,
2,SLE,Northern,SLE.2_1,Tonkolili,SLE.2.5_1,,,,2015,2018,35,39,,,,,210,29,ReLASV ELISA,GRANT,
2,SLE,Northern,SLE.2_1,Tonkolili,SLE.2.5_1,,,,2015,2018,40,44,,,,,295,36,ReLASV ELISA,GRANT,
2,COG,Brazzaville,COG.2_1,Brazzaville,COG.2.1_1,,,,1982,,NA,NA,,NA,NA,,805,38,,TALANI,
0,LBR,,,,,,,,1972,,NA,NA,,NA,1,healthcare workers + patients,165,6,,BLOCH,all positive cases were from midwives
2,LBR,Lofa,LBR.8_1,Zorzor,LBR.8.6_1,,,,1979,,NA,NA,,NA,1,healthcare workers,97,22,IFA,FRAME,
2,LBR,Lofa,LBR.8_1,Foya,LBR.8.1_1,,,,1979,,NA,NA,,NA,1,healthcare workers,52,21,IFA,FRAME,
2,LBR,Lofa,LBR.8_1,Foya,LBR.8.1_1,,,,1981,,NA,NA,,NA,1,healthcare workers,40,9,IFA,FRAME,
2,LBR,Bomi,LBR.1_1,Klay,LBR.1.1_1,,,,1980,,NA,NA,,NA,1,healthcare workers,48,6,IFA,FRAME,
2,LBR,Bomi,LBR.1_1,Klay,LBR.1.1_1,,,,1981,,NA,NA,,NA,1,healthcare workers,52,3,IFA,FRAME,
2,LBR,Grand Cape Mount,LBR.4_1,Porkpa,LBR.4.4_1,,,,1980,,NA,NA,,NA,1,healthcare workers,25,6,IFA,FRAME,
2,LBR,Grand Cape Mount,LBR.4_1,Porkpa,LBR.4.4_1,,,,1981,,NA,NA,,NA,1,healthcare workers,67,6,IFA,FRAME,
2,LBR,Grand Cape Mount,LBR.4_1,Commnwealth,LBR.4.1_1,,,,1981,,NA,NA,,NA,1,healthcare workers,52,3,IFA,FRAME,
2,LBR,Nimba,LBR.12_1,Sanniquelleh-Mahn,LBR.12.3_1,,,,1982,,NA,NA,,NA,1,healthcare workers,69,12,IFA,FRAME,
2,LBR,GrandGedeh,LBR.6_1,Tchien,LBR.6.3_1,,,,1982,,NA,NA,,NA,1,healthcare workers,55,4,IFA,FRAME,
2,LBR,Maryland,LBR.10_1,Pleebo/Sodeken,LBR.10.2_1,,,,1981,,NA,NA,,NA,1,healthcare workers,80,3,IFA,FRAME,
2,LBR,Lofa,LBR.8_1,Foya,LBR.8.1_1,,,,1977,,NA,NA,,NA,1,healthcare workers,35,8,IFA,FRAME,
2,LBR,Lofa,LBR.8_1,Zorzor,LBR.8.6_1,,,,1977,,NA,NA,,NA,1,healthcare workers,95,12,IFA,FRAME,
2,LBR,Bong,LBR.2_1,Suakoko,LBR.2.7_1,,,,1977,,NA,NA,,NA,1,healthcare workers,236,24,IFA,FRAME,
2,LBR,Nimba,LBR.11_1,Sanniquelleh-Mahn,LBR.12.3_1,,,,1977,,NA,NA,,NA,1,healthcare workers,141,8,IFA,FRAME,
2,LBR,Montserrado,LBR.12_1,Greater Monrovia,LBR.11.2_1,,,,1976,,NA,NA,,NA,1,healthcare workers,92,5,IFA,FRAME,
2,LBR,GrandBassa,LBR.5_1,District # 3,LBR.5.3_1,,,,1977,,NA,NA,,NA,1,healthcare workers,62,4,IFA,FRAME,
2,LBR,Montserrado,LBR.12_1,Greater Monrovia,LBR.11.2_1,,,,1977,,NA,NA,,NA,1,healthcare workers,109,7,IFA,FRAME,
2,LBR,Bong,LBR.2_1,Fuamah,LBR.2.1_1,,,,1977,,NA,NA,,NA,1,healthcare workers,74,3,IFA,FRAME,
1,NGA,Ondo,NGA.29_1,,,,,,1987,,5,14,,,,,22,8,,TOMORI,
0,NGA,,,,,,,,1987,,NA,NA,,NA,NA,,1677,357,,TOMORI,
0,BEN,,,,,,,,1965,,NA,NA,,NA,NA,,14,0,,HENDERSON,
0,COG,,,,,,,,1965,,NA,NA,,NA,NA,,67,0,,HENDERSON,
0,ETH,,,,,,,,1965,,NA,NA,,NA,NA,,108,0,,HENDERSON,
0,GAB,,,,,,,,1965,,NA,NA,,NA,NA,,10,0,,HENDERSON,
0,GIN,,,,,,,,1965,,NA,NA,,NA,NA,,17,4,,HENDERSON,
0,CIV,,,,,,,,1965,,NA,NA,,NA,NA,,16,0,,HENDERSON,
0,KEN,,,,,,,,1965,,NA,NA,,NA,NA,,30,0,,HENDERSON,
0,LBR,,,,,,,,1965,,NA,NA,,NA,NA,,62,0,,HENDERSON,
0,MLI,,,,,,,,1965,,NA,NA,,NA,NA,,17,0,,HENDERSON,
0,NER,,,,,,,,1965,,NA,NA,,NA,NA,,37,0,,HENDERSON,
0,NGA,,,,,,,,1965,,NA,NA,,NA,NA,missionary,257,1,,HENDERSON,
0,TZA,,,,,,,,1965,,NA,NA,,NA,NA,,32,0,,HENDERSON,
0,BFA,,,,,,,,1965,,NA,NA,,NA,NA,,20,0,,HENDERSON,
2,NGA,Plateau,NGA.26_1,Lafia,NGA.26.8_1,,,,1992-1993,,NA,NA,,NA,NA,health workers,83,16,ELISA,BAJANI,
1,NGA,Plateau,NGA.31_1,,,Jos,,,1992-1993,,NA,NA,,NA,NA,health workers,228,49,ELISA,BAJANI,
3,NGA,Borno,NGA.8_1,Maiduguri,NGA.8.22_1,Maiduguri,,,1992-1993,,NA,NA,,NA,NA,health workers,241,3,ELISA,BAJANI,
2,SLE,Northern,SLE.2_1,Tonkolili,SLE.2.5_1,,,,2015,2018,45,49,,,,,132,10,ReLASV ELISA,GRANT,
2,SLE,Northern,SLE.2_1,Tonkolili,SLE.2.5_1,,,,2015,2018,50,54,,,,,120,9,ReLASV ELISA,GRANT,
2,SLE,Northern,SLE.2_1,Tonkolili,SLE.2.5_1,,,,2015,2018,55,59,,,,,77,5,ReLASV ELISA,GRANT,
2,SLE,Northern,SLE.2_1,Tonkolili,SLE.2.5_1,,,,2015,2018,60,64,,,,,101,13,ReLASV ELISA,GRANT,
2,SLE,Northern,SLE.2_1,Tonkolili,SLE.2.5_1,,,,2015,2018,65,69,,,,,29,1,ReLASV ELISA,GRANT,
2,SLE,Northern,SLE.2_1,Tonkolili,SLE.2.5_1,,,,2015,2018,70,,,,,,24,4,ReLASV ELISA,GRANT,
3,GIN,Nzérékoré,GIN.8_1,Yamou,GIN.8.6_1,Bamakama,,,2000,,NA,NA,,NA,NA,,26,4,IIF,KERNEIS,
3,GIN,Nzérékoré,GIN.8_1,Guéckédou,GIN.8.2_1,Bandadou,,,2000,,NA,NA,,NA,NA,,41,1,IIF,KERNEIS,
3,GIN,Nzérékoré,GIN.8_1,Yamou,GIN.8.6_1,Bemeye,,,2000,,NA,NA,,NA,NA,,9,1,IIF,KERNEIS,
3,GIN,Nzérékoré,GIN.8_1,Yamou,GIN.8.6_1,Bowe,,,2000,,NA,NA,,NA,NA,,30,8,IIF,KERNEIS,
3,GIN,Nzérékoré,GIN.8_1,Yamou,GIN.8.6_1,Diecke,,,2000,,NA,NA,,NA,NA,,73,3,IIF,KERNEIS,
3,GIN,Nzérékoré,GIN.8_1,Guéckédou,GIN.8.2_1,Fandou Bendou,,,2000,,NA,NA,,NA,NA,,33,5,IIF,KERNEIS,
3,GIN,Nzérékoré,GIN.8_1,Lola,GIN.8.3_1,Gogota,,,2000,,NA,NA,,NA,NA,,6,0,IIF,KERNEIS,
3,GIN,Nzérékoré,GIN.8_1,Lola,GIN.8.3_1,Gote Koly,,,2000,,NA,NA,,NA,NA,,21,7,IIF,KERNEIS,
3,GIN,Nzérékoré,GIN.8_1,Lola,GIN.8.3_1,Gueasso,,,2000,,NA,NA,,NA,NA,,11,1,IIF,KERNEIS,
3,GIN,Nzérékoré,GIN.8_1,Nzérékoré,GIN.8.5_1,Kelema,,,2000,,NA,NA,,NA,NA,,23,1,IIF,KERNEIS,
3,GIN,Nzérékoré,GIN.8_1,Lola,GIN.8.3_1,Kokota,,,2000,,NA,NA,,NA,NA,,51,16,IIF,KERNEIS,
3,GIN,Nzérékoré,GIN.8_1,Guéckédou,GIN.8.2_1,Koumoni,,,2000,,NA,NA,,NA,NA,,40,2,IIF,KERNEIS,
3,GIN,Nzérékoré,GIN.8_1,Nzérékoré,GIN.8.5_1,Kowi,,,2000,,NA,NA,,NA,NA,,29,4,IIF,KERNEIS,
3,GIN,Nzérékoré,GIN.8_1,Lola,GIN.8.3_1,Laine,,,2000,,NA,NA,,NA,NA,,37,2,IIF,KERNEIS,
3,GIN,Nzérékoré,GIN.8_1,Lola,GIN.8.3_1,Manga Bo,,,2000,,NA,NA,,NA,NA,,19,0,IIF,KERNEIS,
3,GIN,Nzérékoré,GIN.8_1,Guéckédou,GIN.8.2_1,Mangala,,,2000,,NA,NA,,NA,NA,,26,1,IIF,KERNEIS,
3,GIN,Nzérékoré,GIN.8_1,Lola,GIN.8.3_1,Morigbedou,,,2000,,NA,NA,,NA,NA,,40,4,IIF,KERNEIS,
3,GIN,Nzérékoré,GIN.8_1,Yamou,GIN.8.6_1,Nawei,,,2000,,NA,NA,,NA,NA,,53,10,IIF,KERNEIS,
3,GIN,Nzérékoré,GIN.8_1,Lola,GIN.8.3_1,Nzoo,,,2000,,NA,NA,,NA,NA,,35,2,IIF,KERNEIS,
3,GIN,Nzérékoré,GIN.8_1,Lola,GIN.8.3_1,Pine,,,2000,,NA,NA,,NA,NA,,36,15,IIF,KERNEIS,
3,GIN,Nzérékoré,GIN.8_1,Guéckédou,GIN.8.2_1,Sandia,,,2000,,NA,NA,,NA,NA,,51,2,IIF,KERNEIS,
2,LBR,Lofa,LBR.8_1,Zorzor,LBR.8.6_1,,,,1972,,NA,NA,,NA,1,healthcare workers + patients,35,3,CF and IIF,BLOCH,
2,LBR,Bong,LBR.2_1,Suakoko,LBR.2.7_1,,,,1972,,NA,NA,,NA,1,healthcare workers + patients,37,2,CF and IIF,BLOCH,
1,NGA,Edo,NGA.12_1,,,,,,2008,,NA,NA,,NA,NA,,451,8,IFA,EHICHIOYA,
2,NGA,Edo,NGA.12_1,EsanCent,NGA.12.3_1,,,,2008,,NA,NA,,NA,NA,,159,4,IFA,EHICHIOYA,
2,NGA,Edo,NGA.12_1,Uromi,NGA.12.4_1,,,,2008,,NA,NA,,NA,NA,,59,4,IFA,EHICHIOYA,
3,GIN,Nzérékoré,GIN.8_1,Guéckédou,GIN.8.2_1,Sokoro,,,2000,,NA,NA,,NA,NA,,32,2,IIF,KERNEIS,
3,GIN,Nzérékoré,GIN.8_1,Lola,GIN.8.3_1,Theasso,,,2000,,NA,NA,,NA,NA,,25,2,IIF,KERNEIS,
3,GIN,Nzérékoré,GIN.8_1,Lola,GIN.8.3_1,Tounkarata,,,2000,,NA,NA,,NA,NA,,47,1,IIF,KERNEIS,
3,GIN,Nzérékoré,GIN.8_1,Guéckédou,GIN.8.2_1,Yaradou,,,2000,,NA,NA,,NA,NA,,51,7,IIF,KERNEIS,
3,GIN,Nzérékoré,GIN.8_1,Yamou,GIN.8.6_1,Yekeni,,,2000,,NA,NA,,NA,NA,,8,2,IIF,KERNEIS,
2,LBR,Montserrado,LBR.12_1,Greater Monrovia,LBR.11.2_1,,,,1972,,NA,NA,35.6,NA,1,healthcare workers + patients,93,1,CF and IIF,BLOCH,
0,LBR,,,,,,,,1979,,0,9,33.5,NA,NA,,49,5,IFA,Knobloch,
0,LBR,,,,,,,,1979,,10,19,35.6,,,,68,11,IFA,Knobloch,
0,LBR,,,,,,,,1979,,20,29,,,,,108,21,IFA,Knobloch,
0,LBR,,,,,,,,1979,,30,39,,,,,94,16,IFA,Knobloch,
0,LBR,,,,,,,,1979,,40,59,,,,,88,9,IFA,Knobloch,
0,LBR,,,,,,,,1979,,60,75,,,,,26,5,IFA,Knobloch,
1,LBR,Lofa,LBR.8_1,,,,,,1979,,,,,,,,224,48,IFA,Knobloch,
1,LBR,Bong,LBR.2_1,,,,,,1979,,,,,,,,154,13,IFA,Knobloch,
1,LBR,Grand Gedeh,LBR.6_1,,,,,,1979,,,,,,,,44,3,IFA,Knobloch,
1,LBR,Montserrado,LBR.12_1,,,,,,1979,,,,,,,,26,5,IFA,Knobloch,
1,LBR,Nimba,LBR.11_1,,,,,,1979,,,,,,,,10,3,IFA,Knobloch,
1,LBR,Grand Cape,LBR.4_1,,,,,,1979,,,,,,,,5,2,IFA,Knobloch,
1,LBR,Sinoe,LBR.15_1,,,,,,1979,,,,,,,,2,0,IFA,Knobloch,
3,GIN,Nzérékoré,GIN.8_1,Guéckédou,GIN.8.2_1,Yelindou,,,2000,,NA,NA,,NA,NA,,50,4,IIF,KERNEIS,
3,GIN,Nzérékoré,GIN.8_1,Yamou,GIN.8.6_1,Yomou,,,2000,,NA,NA,,NA,NA,,49,3,IIF,KERNEIS,
3,GIN,Nzérékoré,GIN.8_1,Lola,GIN.8.3_1,Zougueta,,,2000,,NA,NA,,NA,NA,,13,2,IIF,KERNEIS,
0,GIN,Nzérékoré,GIN.8_1,,,,,,2000,,0,9,,M,NA,,29,4,IIF,KERNEIS,
0,GIN,Nzérékoré,GIN.8_1,,,,,,2000,,0,9,,F,NA,,50,8,IIF,KERNEIS,
0,GIN,Nzérékoré,GIN.8_1,,,,,,2000,,10,19,,M,NA,,100,7,IIF,KERNEIS,
0,GIN,Nzérékoré,GIN.8_1,,,,,,2000,,10,19,,F,NA,,100,7,IIF,KERNEIS,
0,GIN,Nzérékoré,GIN.8_1,,,,,,2000,,20,29,,M,NA,,58,7,IIF,KERNEIS,
0,GIN,Nzérékoré,GIN.8_1,,,,,,2000,,20,29,,F,NA,,127,19,IIF,KERNEIS,
0,GIN,Nzérékoré,GIN.8_1,,,,,,2000,,30,39,,M,NA,,71,10,IIF,KERNEIS,
0,GIN,Nzérékoré,GIN.8_1,,,,,,2000,,30,39,,F,NA,,120,18,IIF,KERNEIS,
0,GIN,Nzérékoré,GIN.8_1,,,,,,2000,,40,49,,M,NA,,67,4,IIF,KERNEIS,
0,GIN,Nzérékoré,GIN.8_1,,,,,,2000,,40,49,,F,NA,,63,5,IIF,KERNEIS,
0,GIN,Nzérékoré,GIN.8_1,,,,,,2000,,50,59,,M,NA,,36,4,IIF,KERNEIS,
0,GIN,Nzérékoré,GIN.8_1,,,,,,2000,,50,59,,F,NA,,36,4,IIF,KERNEIS,
0,GIN,Nzérékoré,GIN.8_1,,,,,,2000,,60,69,,M,NA,,38,5,IIF,KERNEIS,
0,GIN,Nzérékoré,GIN.8_1,,,,,,2000,,60,69,,F,NA,,31,4,IIF,KERNEIS,
0,GIN,Nzérékoré,GIN.8_1,,,,,,2000,,70,99,,M,NA,,33,4,IIF,KERNEIS,
0,GIN,Nzérékoré,GIN.8_1,,,,,,2000,,70,99,,F,NA,,25,2,IIF,KERNEIS,
3,GIN,Faranah,GIN.3_1,Faranah,GIN.3.3_1,Bantou,,,2004,2004,,,,,,,132,55,ELISA,Klempa,
3,GIN,Faranah,GIN.3_1,Faranah,GIN.3.3_1,Tanganya,,,2004,2004,,,,,,,121,47,ELISA,Klempa,
2,GIN,Faranah,GIN.3_1,Faranah,GIN.3.3_1,,,,2004,2004,1,9,,,,,14,4,ELISA,Klempa,
2,GIN,Faranah,GIN.3_1,Faranah,GIN.3.3_1,,,,2004,2004,10,19,,,,,16,2,ELISA,Klempa,
2,GIN,Faranah,GIN.3_1,Faranah,GIN.3.3_1,,,,2004,2004,20,29,,,,,32,13,ELISA,Klempa,
2,GIN,Faranah,GIN.3_1,Faranah,GIN.3.3_1,,,,2004,2004,30,39,,,,,42,18,ELISA,Klempa,
2,GIN,Faranah,GIN.3_1,Faranah,GIN.3.3_1,,,,2004,2004,40,49,,,,,44,18,ELISA,Klempa,
2,GIN,Faranah,GIN.3_1,Faranah,GIN.3.3_1,,,,2004,2004,50,59,,,,,35,17,ELISA,Klempa,
2,GIN,Faranah,GIN.3_1,Faranah,GIN.3.3_1,,,,2004,2004,60,69,,,,,34,15,ELISA,Klempa,
2,GIN,Faranah,GIN.3_1,Faranah,GIN.3.3_1,,,,2004,2004,70,79,,,,,31,14,ELISA,Klempa,
2,GIN,Faranah,GIN.3_1,Faranah,GIN.3.3_1,,,,2004,2004,80,90,,,,,5,1,ELISA,Klempa,
3,GIN,Boke,GIN.1_1,Boke,GIN.1.2_1,,,,2016,2016,,,,NA,NA,,40,5,ELISA,longet,
3,GIN,Conakry,GIN.2_1,Conakry,GIN.2.1_1,,,,2016,2016,,,,NA,NA,,100,2,ELISA,longet,
3,GIN,Kindia,GIN.5_1,Coyah,GIN.5.1_1,,,,2016,2016,,,,NA,NA,,27,0,ELISA,longet,
3,GIN,Kindia,GIN.5_1,Dubreka,GIN.5.2_1,,,,2016,2016,,,,NA,NA,,84,2,ELISA,longet,
3,GIN,Kindia,GIN.5_1,Forecariah,GIN.5.3_1,,,,2016,2016,,,,NA,NA,,406,67,ELISA,longet,
3,GIN,Boke,GIN.1_1,Fria,GIN.1.3_1,,,,2016,2016,,,,NA,NA,,10,1,ELISA,longet,
3,GIN,Kindia,GIN.5_1,Kindia,GIN.5.4_1,,,,2016,2016,,,,NA,NA,,35,7,ELISA,longet,
3,GIN,Kindia,GIN.5_1,,,,,,2016,2016,15,25,,NA,NA,,152,3,ELISA,longet,
3,GIN,Kindia,GIN.5_1,,,,,,2016,2016,26,36,,NA,NA,,171,15,ELISA,longet,
3,GIN,Kindia,GIN.5_1,,,,,,2016,2016,37,47,,NA,NA,,121,15,ELISA,longet,
3,GIN,Kindia,GIN.5_1,,,,,,2016,2016,48,58,,NA,NA,,99,12,ELISA,longet,
3,GIN,Kindia,GIN.5_1,,,,,,2016,2016,59,NA,,NA,NA,,64,13,ELISA,longet,
3,GIN,NzÈrÈkorÈ,GIN.8_1,GuÈckÈdou,GIN.8.2_1,GuÈckÈdou Centre,GIN.8.2.3_1,,2018,2018,16,NA,,,,,68,46,ELISA,longet,
3,GIN,NzÈrÈkorÈ,GIN.8_1,Macenta,GIN.8.4_1,Binikala,GIN.8.4.2_1,,2017,2017,16,NA,,,,,48,27,ELISA,longet,
3,GIN,NzÈrÈkorÈ,GIN.8_1,Macenta,GIN.8.4_1,Bofossou,GIN.8.4.3_1,,2017,2017,16,NA,,,,,190,150,ELISA,longet,
3,GIN,NzÈrÈkorÈ,GIN.8_1,Macenta,GIN.8.4_1,Coyamah,GIN.8.4.7_1,,2017,2017,16,NA,,,,,42,21,ELISA,longet,
3,GIN,NzÈrÈkorÈ,GIN.8_1,Macenta,GIN.8.4_1,Fassankoni,GIN.8.4.5_1,,2017,2017,16,NA,,,,,76,66,ELISA,longet,
3,GIN,NzÈrÈkorÈ,GIN.8_1,Macenta,GIN.8.4_1,Oremai,GIN.8.4.10_1,,2017,2017,16,NA,,,,,76,16,ELISA,longet,
2,NGA,Ondo,NGA.29_1,Ose,NGA.29.17_1,,,,2019,,31,57,33.5,,,health workers,14,11,ELISA,Shaibu,
2,NGA,Ondo,NGA.29_1,Ose,NGA.29.17_1,,,,2019,,13,75,35.6,,,,71,54,ELISA,Shaibu,
2,NGA,Ondo,NGA.29_1,Owo,NGA.29.18_1,,,,2019,,31,57,33.5,,,health workers,88,9,ELISA,Shaibu,
2,NGA,Ondo,NGA.29_1,Owo,NGA.29.18_1,,,,2019,,13,75,35.6,,,,38,14,ELISA,Shaibu,
2,SLE,Western,SLE.4_1,Western Urban,SLE.4.2_1,,,,2019,,18,,,,,,72,12,,Akpoghenta,controls for a new IgG test
3,GIN,NzÈrÈkorÈ,GIN.8_1,Macenta,GIN.8.4_1,Seredou,GIN.8.4.13_1,,2017,2017,16,NA,,,,,71,12,ELISA,longet,
3,GIN,NzÈrÈkorÈ,GIN.8_1,Macenta,GIN.8.4_1,Wattanka,GIN.8.4.15_1,,2017,2017,16,NA,,,,,13,10,ELISA,longet,
3,GIN,Kindia,GIN.5_1,Kindia,GIN.5.4_1,Madina Oula,,,1990,1992,NA,NA,,NA,NA,,171,59,ELISA-RA and IFA,LUKASHEVICH,
3,GIN,Boke,GIN.1_1,Boffa,GIN.1.1_1,Walia,,,1990,1992,NA,NA,,NA,NA,,160,6,ELISA-RA and IFA,LUKASHEVICH,
3,GIN,Boke,GIN.1_1,Boke,GIN.1.2_1,Hamdalaye,,,1990,1992,NA,NA,,NA,NA,,102,5,ELISA-RA and IFA,LUKASHEVICH,
3,GIN,Mamou,GIN.7_1,Pita,GIN.7.3_1,Bantignel,,,1990,1992,NA,NA,,NA,NA,,165,10,ELISA-RA and IFA,LUKASHEVICH,
3,GIN,Labe,GIN.6_1,Labe,GIN.6.2_1,Sala,,,1990,1992,NA,NA,,NA,NA,,111,8,ELISA-RA and IFA,LUKASHEVICH,
3,GIN,Labe,GIN.6_1,Mali,GIN.6.4_1,Mali,,,1990,1992,NA,NA,,NA,NA,,147,8,ELISA-RA and IFA,LUKASHEVICH,
3,GIN,Labe,GIN.6_1,Mali,GIN.6.4_1,Deppal,,,1990,1992,NA,NA,,NA,NA,,29,1,ELISA-RA and IFA,LUKASHEVICH,
3,GIN,Faranah,GIN.3_1,Faranah,GIN.3.3_1,Gbetaya,,,1990,1992,NA,NA,,NA,NA,,47,20,ELISA-RA and IFA,LUKASHEVICH,
3,GIN,Faranah,GIN.3_1,Faranah,GIN.3.3_1,Kamaraya,,,1990,1992,NA,NA,,NA,NA,,130,33,ELISA-RA and IFA,LUKASHEVICH,
3,GIN,Faranah,GIN.3_1,Faranah,GIN.3.3_1,Sangoyah,,,1990,1992,NA,NA,,NA,NA,,182,76,ELISA-RA and IFA,LUKASHEVICH,
3,GIN,Faranah,GIN.3_1,Faranah,GIN.3.3_1,Tindo,,,1990,1992,NA,NA,,NA,NA,,61,20,ELISA-RA and IFA,LUKASHEVICH,
3,GIN,Kankan,GIN.4_1,Siguiri,GIN.4.5_1,Kintinian,,,1990,1992,NA,NA,,NA,NA,,168,13,ELISA-RA and IFA,LUKASHEVICH,
3,GIN,Kankan,GIN.4_1,Siguiri,GIN.4.5_1,Balato,,,1990,1992,NA,NA,,NA,NA,,150,27,ELISA-RA and IFA,LUKASHEVICH,
3,GIN,Kankan,GIN.4_1,Siguiri,GIN.4.5_1,Torekoro,,,1990,1992,NA,NA,,NA,NA,,100,5,ELISA-RA and IFA,LUKASHEVICH,
3,GIN,Nzérékoré,GIN.8_1,Guéckédou,GIN.8.2_1,Bawa,,,1990,1992,NA,NA,,NA,NA,,51,28,ELISA-RA and IFA,LUKASHEVICH,
3,GIN,Nzérékoré,GIN.8_1,Guéckédou,GIN.8.2_1,Dawa Bombolo,,,1990,1992,NA,NA,,NA,NA,,65,31,ELISA-RA and IFA,LUKASHEVICH,
3,GIN,Nzérékoré,GIN.8_1,Guéckédou,GIN.8.2_1,Fangamandou,,,1990,1992,NA,NA,,NA,NA,,112,32,ELISA-RA and IFA,LUKASHEVICH,
3,GIN,Nzérékoré,GIN.8_1,Guéckédou,GIN.8.2_1,Nongoa Mbalia,,,1990,1992,NA,NA,,NA,NA,,116,47,ELISA-RA and IFA,LUKASHEVICH,
3,GIN,Nzérékoré,GIN.8_1,Guéckédou,GIN.8.2_1,Owet Djiba,,,1990,1992,NA,NA,,NA,NA,,83,31,ELISA-RA and IFA,LUKASHEVICH,
3,GIN,Nzérékoré,GIN.8_1,Guéckédou,GIN.8.2_1,Sassami Toli,,,1990,1992,NA,NA,,NA,NA,,97,33,ELISA-RA and IFA,LUKASHEVICH,
3,GIN,Nzérékoré,GIN.8_1,Guéckédou,GIN.8.2_1,Telekoro,,,1990,1992,NA,NA,,NA,NA,,80,24,ELISA-RA and IFA,LUKASHEVICH,
3,GIN,Nzérékoré,GIN.8_1,Yomou,GIN.8.6_1,Waita,,,1990,1992,NA,NA,,NA,NA,,120,31,ELISA-RA and IFA,LUKASHEVICH,
3,GIN,Nzérékoré,GIN.8_1,Yomou,GIN.8.6_1,Komore,,,1990,1992,NA,NA,,NA,NA,,183,46,ELISA-RA and IFA,LUKASHEVICH,
3,GIN,Nzérékoré,GIN.8_1,Yomou,GIN.8.6_1,Bamakama,,,1990,1992,NA,NA,,NA,NA,,138,42,ELISA-RA and IFA,LUKASHEVICH,
3,GIN,Nzérékoré,GIN.8_1,Lola,GIN.8.3_1,Thuo,,,1990,1992,NA,NA,,NA,NA,,190,63,ELISA-RA and IFA,LUKASHEVICH,
3,GIN,Nzérékoré,GIN.8_1,Lola,GIN.8.3_1,Gbenemou,,,1990,1992,NA,NA,,NA,NA,,59,11,ELISA-RA and IFA,LUKASHEVICH,
3,GIN,Nzérékoré,GIN.8_1,Lola,GIN.8.3_1,Gbah,,,1990,1992,NA,NA,,NA,NA,,109,28,ELISA-RA and IFA,LUKASHEVICH,
3,GIN,NzÈrÈkorÈ,GIN.8_1,Yamou,GIN.8.6_1,Bamakama,,,1990,1992,5,14,,NA,NA,,0,0,ELISA-RA and IFA,LUKASHEVICH,
3,GIN,NzÈrÈkorÈ,GIN.8_1,Yamou,GIN.8.6_1,Bamakama,,,1990,1992,15,24,,NA,NA,,32,12,ELISA-RA and IFA,LUKASHEVICH,
3,GIN,NzÈrÈkorÈ,GIN.8_1,Yamou,GIN.8.6_1,Bamakama,,,1990,1992,25,34,,NA,NA,,47,16,ELISA-RA and IFA,LUKASHEVICH,
3,GIN,NzÈrÈkorÈ,GIN.8_1,Yamou,GIN.8.6_1,Bamakama,,,1990,1992,35,44,,NA,NA,,21,5,ELISA-RA and IFA,LUKASHEVICH,
3,GIN,NzÈrÈkorÈ,GIN.8_1,Yamou,GIN.8.6_1,Bamakama,,,1990,1992,45,54,,NA,NA,,14,4,ELISA-RA and IFA,LUKASHEVICH,
3,GIN,NzÈrÈkorÈ,GIN.8_1,Yamou,GIN.8.6_1,Bamakama,,,1990,1992,55,NA,,NA,NA,,24,5,ELISA-RA and IFA,LUKASHEVICH,
3,GIN,NzÈrÈkorÈ,GIN.8_1,Yamou,GIN.8.6_1,Komore,,,1990,1992,5,14,,NA,NA,,1,1,ELISA-RA and IFA,LUKASHEVICH,
3,GIN,NzÈrÈkorÈ,GIN.8_1,Yamou,GIN.8.6_1,Komore,,,1990,1992,15,24,,NA,NA,,47,9,ELISA-RA and IFA,LUKASHEVICH,
3,GIN,NzÈrÈkorÈ,GIN.8_1,Yamou,GIN.8.6_1,Komore,,,1990,1992,25,34,,NA,NA,,43,14,ELISA-RA and IFA,LUKASHEVICH,
3,GIN,NzÈrÈkorÈ,GIN.8_1,Yamou,GIN.8.6_1,Komore,,,1990,1992,35,44,,NA,NA,,38,7,ELISA-RA and IFA,LUKASHEVICH,
3,GIN,NzÈrÈkorÈ,GIN.8_1,Yamou,GIN.8.6_1,Komore,,,1990,1992,45,54,,NA,NA,,20,5,ELISA-RA and IFA,LUKASHEVICH,
3,GIN,NzÈrÈkorÈ,GIN.8_1,Yamou,GIN.8.6_1,Komore,,,1990,1992,55,NA,,NA,NA,,34,10,ELISA-RA and IFA,LUKASHEVICH,
3,GIN,NzÈrÈkorÈ,GIN.8_1,GuÈckÈdou,GIN.8.2_1,Fangamandou,,,1990,1992,5,14,,NA,NA,,1,1,ELISA-RA and IFA,LUKASHEVICH,
3,GIN,NzÈrÈkorÈ,GIN.8_1,GuÈckÈdou,GIN.8.2_1,Fangamandou,,,1990,1992,15,24,,NA,NA,,9,3,ELISA-RA and IFA,LUKASHEVICH,
3,GIN,NzÈrÈkorÈ,GIN.8_1,GuÈckÈdou,GIN.8.2_1,Fangamandou,,,1990,1992,25,34,,NA,NA,,31,12,ELISA-RA and IFA,LUKASHEVICH,
3,GIN,NzÈrÈkorÈ,GIN.8_1,GuÈckÈdou,GIN.8.2_1,Fangamandou,,,1990,1992,35,44,,NA,NA,,29,6,ELISA-RA and IFA,LUKASHEVICH,
3,GIN,NzÈrÈkorÈ,GIN.8_1,GuÈckÈdou,GIN.8.2_1,Fangamandou,,,1990,1992,45,54,,NA,NA,,17,3,ELISA-RA and IFA,LUKASHEVICH,
3,GIN,NzÈrÈkorÈ,GIN.8_1,GuÈckÈdou,GIN.8.2_1,Fangamandou,,,1990,1992,55,NA,,NA,NA,,25,7,ELISA-RA and IFA,LUKASHEVICH,
3,GIN,NzÈrÈkorÈ,GIN.8_1,GuÈckÈdou,GIN.8.2_1,Nongoa Mbalia,,,1990,1992,5,14,,NA,NA,,8,2,ELISA-RA and IFA,LUKASHEVICH,
3,GIN,NzÈrÈkorÈ,GIN.8_1,GuÈckÈdou,GIN.8.2_1,Nongoa Mbalia,,,1990,1992,15,24,,NA,NA,,26,6,ELISA-RA and IFA,LUKASHEVICH,
3,GIN,NzÈrÈkorÈ,GIN.8_1,GuÈckÈdou,GIN.8.2_1,Nongoa Mbalia,,,1990,1992,25,34,,NA,NA,,23,11,ELISA-RA and IFA,LUKASHEVICH,
3,GIN,NzÈrÈkorÈ,GIN.8_1,GuÈckÈdou,GIN.8.2_1,Nongoa Mbalia,,,1990,1992,35,44,,NA,NA,,35,16,ELISA-RA and IFA,LUKASHEVICH,
3,GIN,NzÈrÈkorÈ,GIN.8_1,GuÈckÈdou,GIN.8.2_1,Nongoa Mbalia,,,1990,1992,45,54,,NA,NA,,14,9,ELISA-RA and IFA,LUKASHEVICH,
3,GIN,NzÈrÈkorÈ,GIN.8_1,GuÈckÈdou,GIN.8.2_1,Nongoa Mbalia,,,1990,1992,55,NA,,NA,NA,,10,3,ELISA-RA and IFA,LUKASHEVICH,
3,GIN,Faranah,GIN.3_1,Faranah,GIN.3.3_1,Kamaraya,,,1990,1992,5,14,,NA,NA,,9,2,ELISA-RA and IFA,LUKASHEVICH,
3,GIN,Faranah,GIN.3_1,Faranah,GIN.3.3_1,Kamaraya,,,1990,1992,15,24,,NA,NA,,6,1,ELISA-RA and IFA,LUKASHEVICH,
3,GIN,Faranah,GIN.3_1,Faranah,GIN.3.3_1,Kamaraya,,,1990,1992,25,34,,NA,NA,,16,5,ELISA-RA and IFA,LUKASHEVICH,
3,GIN,Faranah,GIN.3_1,Faranah,GIN.3.3_1,Kamaraya,,,1990,1992,35,44,,NA,NA,,19,6,ELISA-RA and IFA,LUKASHEVICH,
3,GIN,Faranah,GIN.3_1,Faranah,GIN.3.3_1,Kamaraya,,,1990,1992,45,54,,NA,NA,,31,7,ELISA-RA and IFA,LUKASHEVICH,
3,GIN,Faranah,GIN.3_1,Faranah,GIN.3.3_1,Kamaraya,,,1990,1992,55,NA,,NA,NA,,49,12,ELISA-RA and IFA,LUKASHEVICH,
3,GIN,Faranah,GIN.3_1,Faranah,GIN.3.3_1,Sangoyah,,,1990,1992,5,14,,NA,NA,,20,7,ELISA-RA and IFA,LUKASHEVICH,
3,GIN,Faranah,GIN.3_1,Faranah,GIN.3.3_1,Sangoyah,,,1990,1992,15,24,,NA,NA,,22,9,ELISA-RA and IFA,LUKASHEVICH,
3,GIN,Faranah,GIN.3_1,Faranah,GIN.3.3_1,Sangoyah,,,1990,1992,25,34,,NA,NA,,32,15,ELISA-RA and IFA,LUKASHEVICH,
3,GIN,Faranah,GIN.3_1,Faranah,GIN.3.3_1,Sangoyah,,,1990,1992,35,44,,NA,NA,,48,19,ELISA-RA and IFA,LUKASHEVICH,
3,GIN,Faranah,GIN.3_1,Faranah,GIN.3.3_1,Sangoyah,,,1990,1992,45,54,,NA,NA,,26,10,ELISA-RA and IFA,LUKASHEVICH,
3,GIN,Faranah,GIN.3_1,Faranah,GIN.3.3_1,Sangoyah,,,1990,1992,55,NA,,NA,NA,,34,16,ELISA-RA and IFA,LUKASHEVICH,
4,SLE,Eastern,SLE.1_1,Kenema,SLE.1.2_1,Lower Bambara,SLE.1.2.8_1,Konia,1979,,0,4,,,,,40,4,IFA,MCCORMICK,
4,SLE,Eastern,SLE.1_1,Kenema,SLE.1.2_1,Lower Bambara,SLE.1.2.8_1,Konia,1979,,5,9,,,,,118,29,IFA,MCCORMICK,
4,SLE,Eastern,SLE.1_1,Kenema,SLE.1.2_1,Lower Bambara,SLE.1.2.8_1,Konia,1979,,10,14,,,,,65,26,IFA,MCCORMICK,
4,SLE,Eastern,SLE.1_1,Kenema,SLE.1.2_1,Lower Bambara,SLE.1.2.8_1,Konia,1979,,15,19,,,,,59,21,IFA,MCCORMICK,
4,SLE,Eastern,SLE.1_1,Kenema,SLE.1.2_1,Lower Bambara,SLE.1.2.8_1,Konia,1979,,20,29,,,,,138,65,IFA,MCCORMICK,
4,SLE,Eastern,SLE.1_1,Kenema,SLE.1.2_1,Lower Bambara,SLE.1.2.8_1,Konia,1979,,30,39,,,,,111,51,IFA,MCCORMICK,
4,SLE,Eastern,SLE.1_1,Kenema,SLE.1.2_1,Lower Bambara,SLE.1.2.8_1,Konia,1979,,40,49,,,,,82,42,IFA,MCCORMICK,
4,SLE,Eastern,SLE.1_1,Kenema,SLE.1.2_1,Lower Bambara,SLE.1.2.8_1,Konia,1979,,50,99,,,,,43,13,IFA,MCCORMICK,
4,SLE,Eastern,SLE.1_1,Kenema,SLE.1.2_1,Lower Bambara,SLE.1.2.8_1,Tongola,1979,,0,4,,,,,54,7,IFA,MCCORMICK,
4,SLE,Eastern,SLE.1_1,Kenema,SLE.1.2_1,Lower Bambara,SLE.1.2.8_1,Tongola,1979,,5,9,,,,,127,13,IFA,MCCORMICK,
4,SLE,Eastern,SLE.1_1,Kenema,SLE.1.2_1,Lower Bambara,SLE.1.2.8_1,Tongola,1979,,10,14,,,,,65,5,IFA,MCCORMICK,
4,SLE,Eastern,SLE.1_1,Kenema,SLE.1.2_1,Lower Bambara,SLE.1.2.8_1,Tongola,1979,,15,19,,,,,72,12,IFA,MCCORMICK,
4,SLE,Eastern,SLE.1_1,Kenema,SLE.1.2_1,Lower Bambara,SLE.1.2.8_1,Tongola,1979,,20,29,,,,,132,23,IFA,MCCORMICK,
4,SLE,Eastern,SLE.1_1,Kenema,SLE.1.2_1,Lower Bambara,SLE.1.2.8_1,Tongola,1979,,30,39,,,,,80,14,IFA,MCCORMICK,
4,SLE,Eastern,SLE.1_1,Kenema,SLE.1.2_1,Lower Bambara,SLE.1.2.8_1,Tongola,1979,,40,49,,,,,33,9,IFA,MCCORMICK,
4,SLE,Eastern,SLE.1_1,Kenema,SLE.1.2_1,Lower Bambara,SLE.1.2.8_1,Tongola,1979,,50,99,,,,,17,1,IFA,MCCORMICK,
4,SLE,Eastern,SLE.1_1,Kenema,SLE.1.2_1,Lower Bambara,SLE.1.2.8_1,Kpandebu,1979,,0,4,,,,,30,3,IFA,MCCORMICK,
4,SLE,Eastern,SLE.1_1,Kenema,SLE.1.2_1,Lower Bambara,SLE.1.2.8_1,Kpandebu,1979,,5,9,,,,,85,18,IFA,MCCORMICK,
4,SLE,Eastern,SLE.1_1,Kenema,SLE.1.2_1,Lower Bambara,SLE.1.2.8_1,Kpandebu,1979,,10,14,,,,,49,12,IFA,MCCORMICK,
4,SLE,Eastern,SLE.1_1,Kenema,SLE.1.2_1,Lower Bambara,SLE.1.2.8_1,Kpandebu,1979,,15,19,,,,,34,9,IFA,MCCORMICK,
4,SLE,Eastern,SLE.1_1,Kenema,SLE.1.2_1,Lower Bambara,SLE.1.2.8_1,Kpandebu,1979,,20,29,,,,,118,53,IFA,MCCORMICK,
4,SLE,Eastern,SLE.1_1,Kenema,SLE.1.2_1,Lower Bambara,SLE.1.2.8_1,Kpandebu,1979,,30,39,,,,,64,20,IFA,MCCORMICK,
4,SLE,Eastern,SLE.1_1,Kenema,SLE.1.2_1,Lower Bambara,SLE.1.2.8_1,Kpandebu,1979,,40,49,,,,,21,11,IFA,MCCORMICK,
4,SLE,Eastern,SLE.1_1,Kenema,SLE.1.2_1,Lower Bambara,SLE.1.2.8_1,Kpandebu,1979,,50,99,,,,,1,0,IFA,MCCORMICK,
4,SLE,Eastern,SLE.1_1,Kailahun,SLE.1.1_1,Njalahuan,SLE.1.1.9_1,Niahun,1979,,0,4,,,,,103,11,IFA,MCCORMICK,
4,SLE,Eastern,SLE.1_1,Kailahun,SLE.1.1_1,Njalahuan,SLE.1.1.9_1,Niahun,1979,,5,9,,,,,197,32,IFA,MCCORMICK,
4,SLE,Eastern,SLE.1_1,Kailahun,SLE.1.1_1,Njalahuan,SLE.1.1.9_1,Niahun,1979,,10,14,,,,,137,26,IFA,MCCORMICK,
4,SLE,Eastern,SLE.1_1,Kailahun,SLE.1.1_1,Njalahuan,SLE.1.1.9_1,Niahun,1979,,15,19,,,,,91,14,IFA,MCCORMICK,
4,SLE,Eastern,SLE.1_1,Kailahun,SLE.1.1_1,Njalahuan,SLE.1.1.9_1,Niahun,1979,,20,29,,,,,177,51,IFA,MCCORMICK,
4,SLE,Eastern,SLE.1_1,Kailahun,SLE.1.1_1,Njalahuan,SLE.1.1.9_1,Niahun,1979,,30,39,,,,,146,36,IFA,MCCORMICK,
4,SLE,Eastern,SLE.1_1,Kailahun,SLE.1.1_1,Njalahuan,SLE.1.1.9_1,Niahun,1979,,40,49,,,,,131,22,IFA,MCCORMICK,
4,SLE,Eastern,SLE.1_1,Kailahun,SLE.1.1_1,Njalahuan,SLE.1.1.9_1,Niahun,1979,,50,99,,,,,96,12,IFA,MCCORMICK,
4,SLE,Eastern,SLE.1_1,Kenema,SLE.1.2_1,Lower Bambara,SLE.1.2.8_1,Palima,1979,,NA,NA,,,,,217,113,IFA,MCCORMICK,
0,GIN,,,,,,,,1996,1999,0,9,,,,,10,1,ELISA,Bausch,
0,GIN,,,,,,,,1996,1999,10,19,,,,,62,15,ELISA,Bausch,
0,GIN,,,,,,,,1996,1999,20,29,,,,,103,8,ELISA,Bausch,
0,GIN,,,,,,,,1996,1999,30,39,,,,,64,11,ELISA,Bausch,
0,GIN,,,,,,,,1996,1999,40,49,,,,,40,6,ELISA,Bausch,
0,GIN,,,,,,,,1996,1999,50,,,,,,24,4,ELISA,Bausch,
0,GIN,,,,,,,,1996,1999,,,,,,,311,48,ELISA,Bausch,
2,GIN,Kindia,GIN.5_1,Kindia,GIN.5.4_1,,,,1996,1999,,,,,,,69,4,ELISA,Bausch,
2,GIN,Faranah,GIN.3_1,Faranah,GIN.3.3_1,,,,1996,1999,,,,,,,89,17,ELISA,Bausch,
2,GIN,Kankan,GIN.4_1,Kissidougou,GIN.3.4_1,,,,1996,1999,,,,,,,71,7,ELISA,Bausch,
2,GIN,Nzerekore,GIN.8_1,Macenta,GIN.8.4_1,,,,1996,1999,,,,,,,9,2,ELISA,Bausch,
2,GIN,Nzerekore,GIN.8_1,Nzerekore,GIN.8.5_1,,,,1996,1999,,,,,,,73,13,ELISA,Bausch,
2,SLE,Southern,SLE.3_1,Moyamba,SLE.3.3_1,,,,2011,,,,,,,,101,63,ELISA,Branco_2011,
2,SLE,Northern,SLE.2_1,Bombali,SLE.2.1_1,,,,2011,,,,,,,,13,12,ELISA,Branco_2011,
1,NGA,Borno,NGA.8_1,,,,,,2012,,,,,,,,297,22,ELISA,Bukbuk_2014,
4,SLE,Eastern,SLE.1_1,Kenema,SLE.1.2_1,Njalahuan,SLE.1.1.9_1,Semewabu,1979,,NA,NA,,,,,372,141,IFA,MCCORMICK,
4,SLE,Eastern,SLE.1_1,Kenema,SLE.1.2_1,Lower Bambara,SLE.1.2.8_1,Konia,1979,,NA,NA,,,,,733,37,IFA,MCCORMICK,
4,SLE,Eastern,SLE.1_1,Kenema,SLE.1.2_1,Lower Bambara,SLE.1.2.8_1,Tongola,1979,,NA,NA,,,,,402,31,IFA,MCCORMICK,
4,SLE,Eastern,SLE.1_1,Kenema,SLE.1.2_1,Lower Bambara,SLE.1.2.8_1,Njakundoma,1979,,NA,NA,,,,,242,20,IFA,MCCORMICK,
4,SLE,Eastern,SLE.1_1,Kailahun,SLE.1.1_1,Njalahuan,SLE.1.1.9_1,Niahun,1979,,NA,NA,,,,,1075,19,IFA,MCCORMICK,
4,SLE,Eastern,SLE.1_1,Kenema,SLE.1.2_1,Lower Bambara,SLE.1.2.8_1,Kpandebu,1979,,NA,NA,,,,,578,15,IFA,MCCORMICK,
4,SLE,Eastern,SLE.1_1,Kailahun,SLE.1.1_1,Jawie,SLE.1.1.2_1,Neama,1979,,NA,NA,,,,,105,15,IFA,MCCORMICK,
4,SLE,Eastern,SLE.1_1,Kenema,SLE.1.2_1,Lower Bambara,SLE.1.2.8_1,Lowoma,1979,,NA,NA,,,,,285,13,IFA,MCCORMICK,
4,SLE,Eastern,SLE.1_1,Kenema,SLE.1.2_1,Lower Bambara,SLE.1.2.8_1,Landoma,1979,,NA,NA,,,,,157,11,IFA,MCCORMICK,
4,SLE,Eastern,SLE.1_1,Kenema,SLE.1.2_1,Lower Bambara,SLE.1.2.8_1,Bomie,1979,,NA,NA,,,,,617,10,IFA,MCCORMICK,
1,SLE,Southern,SLE.3_1,,,,,Yengema,1979,,NA,NA,,,,,109,8,IFA,MCCORMICK,
4,SLE,Northern,SLE.2_1,Bombali,SLE.2.1_1,Sanda Tendaran,SLE.2.1.11_1,Kamethe,1979,,NA,NA,,,,,115,15,IFA,MCCORMICK,
0,LBR,,,,,,,,2009,,,,,,,,146,6,ELISA,Panning,
1,GIN,NzÈrÈkorÈ,GIN.8_1,,,,,,1993,,,,,,,,213,40,IFA,Emmerich_2006,
0,GHA,,,,,,,,2000,,,,,,,,430,13,IFA,Emmerich_2006,
2,GIN,NzÈrÈkorÈ,GIN.8_1,Macenta,,,,,1993,,,,,,,,64,8,IFA,Emmerich_2008,
2,GIN,NzÈrÈkorÈ,GIN.8_1,Gueckedou,,,,,1993,,,,,,,,149,30,IFA,Emmerich_2008,
0,CIV,,,,,,,,2000,,,,,,,,50,10,IFA,Emmerich_2008,
0,GHA,,,,,,,,2000,,,,,,,,580,22,IFA,Emmerich_2008,
0,BEN,,,,,,,,2004,,,,,,,,101,10,IFA,Emmerich_2008,
1,NGA,Edo,NGA.12_1,,,,,,2004,,,,,,,,116,12,IFA,Emmerich_2008,
4,SLE,Northern,SLE.2_1,Bombali,SLE.2.1_1,Biriwa,SLE.2.1.1_1,Kamabunyele,1979,,NA,NA,,,,,118,14,IFA,MCCORMICK,
4,SLE,Northern,SLE.2_1,Bombali,SLE.2.1_1,Tambakha,SLE.2.1.13_1,Kathumpe,1979,,NA,NA,,,,,88,10,IFA,MCCORMICK,
3,GHA,Ashanti,GHA.1_1,Amansie Central,GHA.1.6_1,Ankaakur,,,2010,2010,18,99,43.33,31,5,,31,5,ELISA,Nimo-Paintsil,
3,GHA,Eastern,GHA.4_1,Atiwa,GHA.4.5_1,Ehiawenwu,,,2010,2010,18,99,54.9,67,10,,67,10,ELISA,Nimo-Paintsil,
3,GHA,Brong Ahafo,GHA.2_1,Tano North,GHA.2.16_1,Amomaso,,,2010,2010,18,99,39.9,70,0,,70,0,ELISA,Nimo-Paintsil,
3,GHA,Brong Ahafo,GHA.2_1,Sene,GHA.2.13_1,Menkwo,,,2010,2010,18,99,33.18,70,7,,70,7,ELISA,Nimo-Paintsil,
3,GHA,Brong Ahafo,GHA.2_1,Kintampo South,GHA.2.10_1,Mangoase,,,2010,2010,18,99,35.56,69,2,,69,2,ELISA,Nimo-Paintsil,
3,GHA,Northern,GHA.6_1,East Gonja,GHA.6.4_1,Jirandogo,,,2010,2010,18,99,35.96,70,2,,70,2,ELISA,Nimo-Paintsil,
3,GHA,Northern,GHA.6_1,West Gonja,GHA.6.15_1,Bowena,,,2010,2010,18,99,43.1,70,0,,70,0,ELISA,Nimo-Paintsil,
3,GHA,Upper West,GHA.8_1,Nadowli,GHA.8.3_1,Natorduori,,,2010,2010,18,99,41.45,70,4,,70,4,ELISA,Nimo-Paintsil,
3,GHA,Northern,GHA.6_1,East Mamprusi,GHA.6.5_1,Teanoba,,,2010,2010,18,99,29.9,70,2,,70,2,ELISA,Nimo-Paintsil,
3,GHA,Upper East,GHA.7_1,Builsa,GHA.7.5_1,Doniga Navernsa,,,2010,2010,18,99,41.65,70,2,,70,2,ELISA,Nimo-Paintsil,
0,GHA,,,,,,,,2010,2010,18,25,,152,10,,152,10,ELISA,Nimo-Paintsil,
0,GHA,,,,,,,,2010,2010,26,35,,152,3,,152,3,ELISA,Nimo-Paintsil,
0,GHA,,,,,,,,2010,2010,36,45,,137,5,,137,5,ELISA,Nimo-Paintsil,
0,GHA,,,,,,,,2010,2010,46,55,,72,5,,72,5,ELISA,Nimo-Paintsil,
0,GHA,,,,,,,,2010,2010,56,65,,55,4,,55,4,ELISA,Nimo-Paintsil,
0,GHA,,,,,,,,2010,2010,65,99,,86,7,,86,7,ELISA,Nimo-Paintsil,
2,SLE,Southern,SLE.3_1,Bo,SLE.3.1_1,,,,2010,2012,0,1,,,,,26,0,ReLASV ELISA,Shaffer_2019,
2,SLE,Southern,SLE.3_1,Bo,SLE.3.1_1,,,,2010,2012,1,4,,,,,33,2,ReLASV ELISA,Shaffer_2019,
2,SLE,Southern,SLE.3_1,Bo,SLE.3.1_1,,,,2010,2012,5,9,,,,,19,0,ReLASV ELISA,Shaffer_2019,
2,SLE,Southern,SLE.3_1,Bo,SLE.3.1_1,,,,2010,2012,10,14,,,,,9,0,ReLASV ELISA,Shaffer_2019,
2,SLE,Southern,SLE.3_1,Bo,SLE.3.1_1,,,,2010,2012,15,19,,,,,18,1,ReLASV ELISA,Shaffer_2019,
2,SLE,Southern,SLE.3_1,Bo,SLE.3.1_1,,,,2010,2012,20,24,,,,,13,2,ReLASV ELISA,Shaffer_2019,
2,SLE,Southern,SLE.3_1,Bo,SLE.3.1_1,,,,2010,2012,25,29,,,,,7,2,ReLASV ELISA,Shaffer_2019,
2,SLE,Southern,SLE.3_1,Bo,SLE.3.1_1,,,,2010,2012,30,34,,,,,18,3,ReLASV ELISA,Shaffer_2019,
2,SLE,Southern,SLE.3_1,Bo,SLE.3.1_1,,,,2010,2012,35,39,,,,,12,0,ReLASV ELISA,Shaffer_2019,
2,SLE,Southern,SLE.3_1,Bo,SLE.3.1_1,,,,2010,2012,40,44,,,,,3,0,ReLASV ELISA,Shaffer_2019,
2,SLE,Southern,SLE.3_1,Bo,SLE.3.1_1,,,,2010,2012,45,49,,,,,3,0,ReLASV ELISA,Shaffer_2019,
2,SLE,Southern,SLE.3_1,Bo,SLE.3.1_1,,,,2010,2012,50,54,,,,,2,0,ReLASV ELISA,Shaffer_2019,
2,SLE,Southern,SLE.3_1,Bo,SLE.3.1_1,,,,2010,2012,55,59,,,,,1,1,ReLASV ELISA,Shaffer_2019,
2,SLE,Nothern,SLE.2_1,Bombali,SLE.2.1_1,,,,2010,2012,1,4,,,,,1,0,ReLASV ELISA,Shaffer_2019,
2,SLE,Nothern,SLE.2_1,Bombali,SLE.2.1_1,,,,2010,2012,20,24,,,,,2,0,ReLASV ELISA,Shaffer_2019,
2,SLE,Nothern,SLE.2_1,Bombali,SLE.2.1_1,,,,2010,2012,25,29,,,,,4,2,ReLASV ELISA,Shaffer_2019,
2,SLE,Nothern,SLE.2_1,Bombali,SLE.2.1_1,,,,2010,2012,30,34,,,,,3,0,ReLASV ELISA,Shaffer_2019,
2,SLE,Nothern,SLE.2_1,Bombali,SLE.2.1_1,,,,2010,2012,35,39,,,,,1,0,ReLASV ELISA,Shaffer_2019,
2,SLE,Nothern,SLE.2_1,Bombali,SLE.2.1_1,,,,2010,2012,45,49,,,,,2,0,ReLASV ELISA,Shaffer_2019,
2,SLE,Southern,SLE.3_1,Bonthe,SLE.3.2_1,,,,2010,2012,10,14,,,,,1,0,ReLASV ELISA,Shaffer_2019,
2,SLE,Southern,SLE.3_1,Bonthe,SLE.3.2_1,,,,2010,2012,20,24,,,,,1,1,ReLASV ELISA,Shaffer_2019,
2,SLE,Southern,SLE.3_1,Bonthe,SLE.3.2_1,,,,2010,2012,25,29,,,,,1,0,ReLASV ELISA,Shaffer_2019,
2,SLE,Southern,SLE.3_1,Bonthe,SLE.3.2_1,,,,2010,2012,35,39,,,,,1,0,ReLASV ELISA,Shaffer_2019,
2,SLE,Southern,SLE.3_1,Bonthe,SLE.3.2_1,,,,2010,2012,55,59,,,,,2,0,ReLASV ELISA,Shaffer_2019,
2,SLE,Southern,SLE.3_1,Bonthe,SLE.3.2_1,,,,2010,2012,60,,,,,,3,1,ReLASV ELISA,Shaffer_2019,
2,SLE,Eastern,SLE.1_1,Kailahun,SLE.1.1_1,,,,2010,2012,1,4,,,,,1,0,ReLASV ELISA,Shaffer_2019,
2,SLE,Eastern,SLE.1_1,Kailahun,SLE.1.1_1,,,,2010,2012,5,9,,,,,3,0,ReLASV ELISA,Shaffer_2019,
2,SLE,Eastern,SLE.1_1,Kailahun,SLE.1.1_1,,,,2010,2012,10,14,,,,,3,0,ReLASV ELISA,Shaffer_2019,
2,SLE,Eastern,SLE.1_1,Kailahun,SLE.1.1_1,,,,2010,2012,15,19,,,,,3,1,ReLASV ELISA,Shaffer_2019,
2,SLE,Eastern,SLE.1_1,Kailahun,SLE.1.1_1,,,,2010,2012,20,24,,,,,7,4,ReLASV ELISA,Shaffer_2019,
2,SLE,Eastern,SLE.1_1,Kailahun,SLE.1.1_1,,,,2010,2012,25,29,,,,,7,2,ReLASV ELISA,Shaffer_2019,
2,SLE,Eastern,SLE.1_1,Kailahun,SLE.1.1_1,,,,2010,2012,30,34,,,,,9,2,ReLASV ELISA,Shaffer_2019,
2,SLE,Eastern,SLE.1_1,Kailahun,SLE.1.1_1,,,,2010,2012,35,39,,,,,6,1,ReLASV ELISA,Shaffer_2019,
2,SLE,Eastern,SLE.1_1,Kailahun,SLE.1.1_1,,,,2010,2012,40,44,,,,,1,1,ReLASV ELISA,Shaffer_2019,
2,SLE,Eastern,SLE.1_1,Kailahun,SLE.1.1_1,,,,2010,2012,45,49,,,,,1,0,ReLASV ELISA,Shaffer_2019,
2,SLE,Eastern,SLE.1_1,Kailahun,SLE.1.1_1,,,,2010,2012,55,59,,,,,2,2,ReLASV ELISA,Shaffer_2019,
2,SLE,Eastern,SLE.1_1,Kailahun,SLE.1.1_1,,,,2010,2012,60,,,,,,3,3,ReLASV ELISA,Shaffer_2019,
2,SLE,Eastern,SLE.1_1,Kenema,SLE.1.2_1,,,,2010,2012,0,1,,,,,15,1,ReLASV ELISA,Shaffer_2019,
2,SLE,Eastern,SLE.1_1,Kenema,SLE.1.2_1,,,,2010,2012,1,4,,,,,57,7,ReLASV ELISA,Shaffer_2019,
2,SLE,Eastern,SLE.1_1,Kenema,SLE.1.2_1,,,,2010,2012,5,9,,,,,56,10,ReLASV ELISA,Shaffer_2019,
2,SLE,Eastern,SLE.1_1,Kenema,SLE.1.2_1,,,,2010,2012,10,14,,,,,44,10,ReLASV ELISA,Shaffer_2019,
2,SLE,Eastern,SLE.1_1,Kenema,SLE.1.2_1,,,,2010,2012,15,19,,,,,60,11,ReLASV ELISA,Shaffer_2019,
2,SLE,Eastern,SLE.1_1,Kenema,SLE.1.2_1,,,,2010,2012,20,24,,,,,93,26,ReLASV ELISA,Shaffer_2019,
2,SLE,Eastern,SLE.1_1,Kenema,SLE.1.2_1,,,,2010,2012,25,29,,,,,86,21,ReLASV ELISA,Shaffer_2019,
2,SLE,Eastern,SLE.1_1,Kenema,SLE.1.2_1,,,,2010,2012,30,34,,,,,69,21,ReLASV ELISA,Shaffer_2019,
2,SLE,Eastern,SLE.1_1,Kenema,SLE.1.2_1,,,,2010,2012,35,39,,,,,75,18,ReLASV ELISA,Shaffer_2019,
2,SLE,Eastern,SLE.1_1,Kenema,SLE.1.2_1,,,,2010,2012,40,44,,,,,43,13,ReLASV ELISA,Shaffer_2019,
2,SLE,Eastern,SLE.1_1,Kenema,SLE.1.2_1,,,,2010,2012,45,49,,,,,22,7,ReLASV ELISA,Shaffer_2019,
2,SLE,Eastern,SLE.1_1,Kenema,SLE.1.2_1,,,,2010,2012,50,54,,,,,16,3,ReLASV ELISA,Shaffer_2019,
2,SLE,Eastern,SLE.1_1,Kenema,SLE.1.2_1,,,,2010,2012,55,59,,,,,10,4,ReLASV ELISA,Shaffer_2019,
2,SLE,Eastern,SLE.1_1,Kenema,SLE.1.2_1,,,,2010,2012,60,,,,,,29,8,ReLASV ELISA,Shaffer_2019,
2,SLE,Nothern,SLE.2_1,Koinadugu,SLE.2.3_1,,,,2010,2012,15,19,,,,,1,1,ReLASV ELISA,Shaffer_2019,
2,SLE,Nothern,SLE.2_1,Koinadugu,SLE.2.3_1,,,,2010,2012,30,34,,,,,3,2,ReLASV ELISA,Shaffer_2019,
2,SLE,Nothern,SLE.2_1,Koinadugu,SLE.2.3_1,,,,2010,2012,35,39,,,,,1,0,ReLASV ELISA,Shaffer_2019,
2,SLE,Eastern,SLE.1_1,Kono,SLE.1.3_1,,,,2010,2012,1,4,,,,,2,0,ReLASV ELISA,Shaffer_2019,
2,SLE,Eastern,SLE.1_1,Kono,SLE.1.3_1,,,,2010,2012,5,9,,,,,2,0,ReLASV ELISA,Shaffer_2019,
2,SLE,Southern,SLE.3_1,Moyamba,SLE.3.3_1,,,,2010,2012,0,1,,,,,2,0,ReLASV ELISA,Shaffer_2019,
2,SLE,Southern,SLE.3_1,Moyamba,SLE.3.3_1,,,,2010,2012,1,4,,,,,1,0,ReLASV ELISA,Shaffer_2019,
2,SLE,Southern,SLE.3_1,Moyamba,SLE.3.3_1,,,,2010,2012,15,19,,,,,1,0,ReLASV ELISA,Shaffer_2019,
2,SLE,Southern,SLE.3_1,Moyamba,SLE.3.3_1,,,,2010,2012,20,24,,,,,1,0,ReLASV ELISA,Shaffer_2019,
2,SLE,Southern,SLE.3_1,Moyamba,SLE.3.3_1,,,,2010,2012,25,29,,,,,1,0,ReLASV ELISA,Shaffer_2019,
2,SLE,Southern,SLE.3_1,Pujehun,SLE.3.4_1,,,,2010,2012,0,1,,,,,3,0,ReLASV ELISA,Shaffer_2019,
2,SLE,Southern,SLE.3_1,Pujehun,SLE.3.4_1,,,,2010,2012,1,4,,,,,5,0,ReLASV ELISA,Shaffer_2019,
2,SLE,Southern,SLE.3_1,Pujehun,SLE.3.4_1,,,,2010,2012,5,9,,,,,2,1,ReLASV ELISA,Shaffer_2019,
2,SLE,Southern,SLE.3_1,Pujehun,SLE.3.4_1,,,,2010,2012,10,14,,,,,1,0,ReLASV ELISA,Shaffer_2019,
2,SLE,Southern,SLE.3_1,Pujehun,SLE.3.4_1,,,,2010,2012,15,19,,,,,1,0,ReLASV ELISA,Shaffer_2019,
2,SLE,Southern,SLE.3_1,Pujehun,SLE.3.4_1,,,,2010,2012,20,24,,,,,1,1,ReLASV ELISA,Shaffer_2019,
2,SLE,Southern,SLE.3_1,Pujehun,SLE.3.4_1,,,,2010,2012,25,29,,,,,2,1,ReLASV ELISA,Shaffer_2019,
2,SLE,Southern,SLE.3_1,Pujehun,SLE.3.4_1,,,,2010,2012,35,39,,,,,1,0,ReLASV ELISA,Shaffer_2019,
2,SLE,Nothern,SLE.2_1,Tonkolili,SLE.2.5_1,,,,2010,2012,10,14,,,,,1,0,ReLASV ELISA,Shaffer_2019,
2,SLE,Nothern,SLE.2_1,Tonkolili,SLE.2.5_1,,,,2010,2012,15,19,,,,,1,0,ReLASV ELISA,Shaffer_2019,
2,SLE,Nothern,SLE.2_1,Tonkolili,SLE.2.5_1,,,,2010,2012,20,24,,,,,2,0,ReLASV ELISA,Shaffer_2019,
2,SLE,Nothern,SLE.2_1,Tonkolili,SLE.2.5_1,,,,2010,2012,25,29,,,,,2,0,ReLASV ELISA,Shaffer_2019,
2,SLE,Nothern,SLE.2_1,Tonkolili,SLE.2.5_1,,,,2010,2012,55,59,,,,,1,0,ReLASV ELISA,Shaffer_2019,
2,SLE,Western,SLE.4_1,Western area rural,SLE.4.1_1,,,,2010,2012,20,24,,,,,1,0,ReLASV ELISA,Shaffer_2019,
2,SLE,Western,SLE.4_1,Western area urban,SLE.4.2_1,,,,2010,2012,15,19,,,,,3,1,ReLASV ELISA,Shaffer_2019,
2,SLE,Western,SLE.4_1,Western area urban,SLE.4.2_1,,,,2010,2012,20,24,,,,,2,0,ReLASV ELISA,Shaffer_2019,
2,SLE,Western,SLE.4_1,Western area urban,SLE.4.2_1,,,,2010,2012,25,29,,,,,2,0,ReLASV ELISA,Shaffer_2019,
2,SLE,Western,SLE.4_1,Western area urban,SLE.4.2_1,,,,2010,2012,35,39,,,,,1,0,ReLASV ELISA,Shaffer_2019,
3,MLI,Sikasso,MLI.8_1,Bougouni,MLI.8.1_1,Bamba,,,2015,2015,0,4,,,,,48,18,ReLASV ELISA,Sogoba,
3,MLI,Sikasso,MLI.8_1,Bougouni,MLI.8.1_1,Bamba,,,2015,2015,6,10,,,,,36,15,ReLASV ELISA,Sogoba,
3,MLI,Sikasso,MLI.8_1,Bougouni,MLI.8.1_1,Bamba,,,2015,2015,11,20,,,,,37,12,ReLASV ELISA,Sogoba,
3,MLI,Sikasso,MLI.8_1,Bougouni,MLI.8.1_1,Bamba,,,2015,2015,21,40,,,,,42,24,ReLASV ELISA,Sogoba,
3,MLI,Sikasso,MLI.8_1,Bougouni,MLI.8.1_1,Bamba,,,2015,2015,40,83,,,,,37,19,ReLASV ELISA,Sogoba,
3,MLI,Sikasso,MLI.8_1,Bougouni,MLI.8.1_1,Sorona,,,2015,2015,0,4,,,,,37,12,ReLASV ELISA,Sogoba,
3,MLI,Sikasso,MLI.8_1,Bougouni,MLI.8.1_1,Sorona,,,2015,2015,6,10,,,,,45,16,ReLASV ELISA,Sogoba,
3,MLI,Sikasso,MLI.8_1,Bougouni,MLI.8.1_1,Sorona,,,2015,2015,11,20,,,,,43,20,ReLASV ELISA,Sogoba,
3,MLI,Sikasso,MLI.8_1,Bougouni,MLI.8.1_1,Sorona,,,2015,2015,21,40,,,,,36,12,ReLASV ELISA,Sogoba,
3,MLI,Sikasso,MLI.8_1,Bougouni,MLI.8.1_1,Sorona,,,2015,2015,40,83,,,,,39,22,ReLASV ELISA,Sogoba,
3,MLI,Sikasso,MLI.8_1,Bougouni,MLI.8.1_1,Banzana,,,2015,2015,0,4,,,,,40,2,ReLASV ELISA,Sogoba,
3,MLI,Sikasso,MLI.8_1,Bougouni,MLI.8.1_1,Banzana,,,2015,2015,6,10,,,,,40,5,ReLASV ELISA,Sogoba,
3,MLI,Sikasso,MLI.8_1,Bougouni,MLI.8.1_1,Banzana,,,2015,2015,11,20,,,,,37,4,ReLASV ELISA,Sogoba,
3,MLI,Sikasso,MLI.8_1,Bougouni,MLI.8.1_1,Banzana,,,2015,2015,21,40,,,,,39,9,ReLASV ELISA,Sogoba,
3,MLI,Sikasso,MLI.8_1,Bougouni,MLI.8.1_1,Banzana,,,2015,2015,40,83,,,,,44,9,ReLASV ELISA,Sogoba,
2,NGA,Edo,NGA.12_1,Esan West LGA,NGA.12.6_1,,,,2015,,1,20,,,,,38,12,ELISA,TOBIN,
2,NGA,Edo,NGA.12_1,Esan West LGA,NGA.12.6_1,,,,2015,,21,38,,,,,56,33,ELISA,TOBIN,
2,NGA,Edo,NGA.12_1,Esan West LGA,NGA.12.6_1,,,,2015,,39,56,,,,,37,28,ELISA,TOBIN,
2,NGA,Edo,NGA.12_1,Esan West LGA,NGA.12.6_1,,,,2015,,57,74,,,,,32,21,ELISA,TOBIN,
2,NGA,Edo,NGA.12_1,Esan West LGA,NGA.12.6_1,,,,2015,,76,99,,,,,14,9,ELISA,TOBIN,
3,LBR,Lofa,LBR.8_1,Salayea,LBR.8.4_1,Gbanway,,,1980,,NA,NA,,NA,NA,,312,23,IFA,YALLEY-OGUNRO,
3,LBR,Lofa,LBR.8_1,Zorzor,LBR.8.6_1,Yapoa,,,1980,,NA,NA,,NA,NA,,212,2,IFA,YALLEY-OGUNRO,
3,LBR,Lofa,LBR.8_1,Zorzor,LBR.8.6_1,Zuwulo,,,1980,,NA,NA,,NA,NA,,193,12,IFA,YALLEY-OGUNRO,
3,LBR,Lofa,LBR.8_1,Zorzor,LBR.8.6_1,Balagualazu,,,1980,,NA,NA,,NA,NA,,392,12,IFA,YALLEY-OGUNRO,
3,LBR,Lofa,LBR.8_1,Foya,LBR.8.1_1,Borlelo,,,1980,,NA,NA,,NA,NA,,138,7,IFA,YALLEY-OGUNRO,
3,LBR,Lofa,LBR.8_1,Foya,LBR.8.1_1,Foya Kamara,,,1980,,NA,NA,,NA,NA,,85,12,IFA,YALLEY-OGUNRO,
3,LBR,Lofa,LBR.8_1,Salayea,LBR.8.4_1,Gbanway,,,1980,,1,4,,M,,,43,4,IFA,YALLEY-OGUNRO,
3,LBR,Lofa,LBR.8_1,Salayea,LBR.8.4_1,Gbanway,,,1980,,5,12,,M,,,31,4,IFA,YALLEY-OGUNRO,
3,LBR,Lofa,LBR.8_1,Salayea,LBR.8.4_1,Gbanway,,,1980,,13,17,,M,,,8,1,IFA,YALLEY-OGUNRO,
3,LBR,Lofa,LBR.8_1,Salayea,LBR.8.4_1,Gbanway,,,1980,,18,,,M,,,48,4,IFA,YALLEY-OGUNRO,
3,LBR,Lofa,LBR.8_1,Salayea,LBR.8.4_1,Yapoa,,,1980,,1,4,,M,,,38,0,IFA,YALLEY-OGUNRO,
3,LBR,Lofa,LBR.8_1,Salayea,LBR.8.4_1,Yapoa,,,1980,,5,12,,M,,,25,0,IFA,YALLEY-OGUNRO,
3,LBR,Lofa,LBR.8_1,Salayea,LBR.8.4_1,Yapoa,,,1980,,13,17,,M,,,8,1,IFA,YALLEY-OGUNRO,
3,LBR,Lofa,LBR.8_1,Salayea,LBR.8.4_1,Yapoa,,,1980,,18,,,M,,,32,1,IFA,YALLEY-OGUNRO,
3,LBR,Lofa,LBR.8_1,Zorzor,LBR.8.6_1,Zuwulo,,,1980,,1,4,,M,,,41,1,IFA,YALLEY-OGUNRO,
3,LBR,Lofa,LBR.8_1,Zorzor,LBR.8.6_1,Zuwulo,,,1980,,5,12,,M,,,40,1,IFA,YALLEY-OGUNRO,
3,LBR,Lofa,LBR.8_1,Zorzor,LBR.8.6_1,Zuwulo,,,1980,,13,17,,M,,,3,0,IFA,YALLEY-OGUNRO,
3,LBR,Lofa,LBR.8_1,Zorzor,LBR.8.6_1,Zuwulo,,,1980,,18,,,M,,,41,5,IFA,YALLEY-OGUNRO,
3,LBR,Lofa,LBR.8_1,Zorzor,LBR.8.6_1,Balagualazu,,,1980,,1,4,,M,,,49,1,IFA,YALLEY-OGUNRO,
3,LBR,Lofa,LBR.8_1,Zorzor,LBR.8.6_1,Balagualazu,,,1980,,5,12,,M,,,52,0,IFA,YALLEY-OGUNRO,
3,LBR,Lofa,LBR.8_1,Zorzor,LBR.8.6_1,Balagualazu,,,1980,,13,17,,M,,,30,0,IFA,YALLEY-OGUNRO,
3,LBR,Lofa,LBR.8_1,Zorzor,LBR.8.6_1,Balagualazu,,,1980,,18,,,M,,,50,2,IFA,YALLEY-OGUNRO,
3,LBR,Lofa,LBR.8_1,Salayea,LBR.8.4_1,Gbanway,,,1980,,1,4,,F,,,51,3,IFA,YALLEY-OGUNRO,
3,LBR,Lofa,LBR.8_1,Salayea,LBR.8.4_1,Gbanway,,,1980,,5,12,,F,,,32,2,IFA,YALLEY-OGUNRO,
3,LBR,Lofa,LBR.8_1,Salayea,LBR.8.4_1,Gbanway,,,1980,,13,17,,F,,,3,0,IFA,YALLEY-OGUNRO,
3,LBR,Lofa,LBR.8_1,Salayea,LBR.8.4_1,Gbanway,,,1980,,18,,,F,,,96,5,IFA,YALLEY-OGUNRO,
3,LBR,Lofa,LBR.8_1,Salayea,LBR.8.4_1,Yapoa,,,1980,,1,4,,F,,,36,0,IFA,YALLEY-OGUNRO,
3,LBR,Lofa,LBR.8_1,Salayea,LBR.8.4_1,Yapoa,,,1980,,5,12,,F,,,27,0,IFA,YALLEY-OGUNRO,
3,LBR,Lofa,LBR.8_1,Salayea,LBR.8.4_1,Yapoa,,,1980,,13,17,,F,,,5,0,IFA,YALLEY-OGUNRO,
3,LBR,Lofa,LBR.8_1,Salayea,LBR.8.4_1,Yapoa,,,1980,,18,,,F,,,48,0,IFA,YALLEY-OGUNRO,
3,LBR,Lofa,LBR.8_1,Zorzor,LBR.8.6_1,Zuwulo,,,1980,,1,4,,F,,,53,1,IFA,YALLEY-OGUNRO,
3,LBR,Lofa,LBR.8_1,Zorzor,LBR.8.6_1,Zuwulo,,,1980,,5,12,,F,,,26,1,IFA,YALLEY-OGUNRO,
3,LBR,Lofa,LBR.8_1,Zorzor,LBR.8.6_1,Zuwulo,,,1980,,13,17,,F,,,4,0,IFA,YALLEY-OGUNRO,
3,LBR,Lofa,LBR.8_1,Zorzor,LBR.8.6_1,Zuwulo,,,1980,,18,,,F,,,85,3,IFA,YALLEY-OGUNRO,
3,LBR,Lofa,LBR.8_1,Zorzor,LBR.8.6_1,Balagualazu,,,1980,,1,4,,F,,,32,2,IFA,YALLEY-OGUNRO,
3,LBR,Lofa,LBR.8_1,Zorzor,LBR.8.6_1,Balagualazu,,,1980,,5,12,,F,,,51,0,IFA,YALLEY-OGUNRO,
3,LBR,Lofa,LBR.8_1,Zorzor,LBR.8.6_1,Balagualazu,,,1980,,13,17,,F,,,15,0,IFA,YALLEY-OGUNRO,
3,LBR,Lofa,LBR.8_1,Zorzor,LBR.8.6_1,Balagualazu,,,1980,,18,,,F,,,113,7,IFA,YALLEY-OGUNRO,
3,LBR,Lofa,LBR.8_1,Foya,LBR.8.1_1,Borlelo,,,1980,,1,4,,M,,,12,0,IFA,YALLEY-OGUNRO,
3,LBR,Lofa,LBR.8_1,Foya,LBR.8.1_1,Borlelo,,,1980,,5,12,,M,,,14,0,IFA,YALLEY-OGUNRO,
3,LBR,Lofa,LBR.8_1,Foya,LBR.8.1_1,Borlelo,,,1980,,13,17,,M,,,7,0,IFA,YALLEY-OGUNRO,
3,LBR,Lofa,LBR.8_1,Foya,LBR.8.1_1,Borlelo,,,1980,,18,,,M,,,34,2,IFA,YALLEY-OGUNRO,
3,LBR,Lofa,LBR.8_1,Foya,LBR.8.1_1,Foya Kamara,,,1980,,1,4,,M,,,15,4,IFA,YALLEY-OGUNRO,
3,LBR,Lofa,LBR.8_1,Foya,LBR.8.1_1,Foya Kamara,,,1980,,5,12,,M,,,5,0,IFA,YALLEY-OGUNRO,
3,LBR,Lofa,LBR.8_1,Foya,LBR.8.1_1,Foya Kamara,,,1980,,13,17,,M,,,0,0,IFA,YALLEY-OGUNRO,
3,LBR,Lofa,LBR.8_1,Foya,LBR.8.1_1,Foya Kamara,,,1980,,18,,,M,,,9,1,IFA,YALLEY-OGUNRO,
3,LBR,Lofa,LBR.8_1,Foya,LBR.8.1_1,Borlelo,,,1980,,1,4,,F,,,11,0,IFA,YALLEY-OGUNRO,
3,LBR,Lofa,LBR.8_1,Foya,LBR.8.1_1,Borlelo,,,1980,,5,12,,F,,,17,3,IFA,YALLEY-OGUNRO,
3,LBR,Lofa,LBR.8_1,Foya,LBR.8.1_1,Borlelo,,,1980,,13,17,,F,,,9,0,IFA,YALLEY-OGUNRO,
3,LBR,Lofa,LBR.8_1,Foya,LBR.8.1_1,Borlelo,,,1980,,18,,,F,,,34,2,IFA,YALLEY-OGUNRO,
3,LBR,Lofa,LBR.8_1,Foya,LBR.8.1_1,Foya Kamara,,,1980,,1,4,,F,,,17,3,IFA,YALLEY-OGUNRO,
3,LBR,Lofa,LBR.8_1,Foya,LBR.8.1_1,Foya Kamara,,,1980,,5,12,,F,,,16,1,IFA,YALLEY-OGUNRO,
3,LBR,Lofa,LBR.8_1,Foya,LBR.8.1_1,Foya Kamara,,,1980,,13,17,,F,,,2,2,IFA,YALLEY-OGUNRO,
3,LBR,Lofa,LBR.8_1,Foya,LBR.8.1_1,Foya Kamara,,,1980,,18,,,F,,,21,2,IFA,YALLEY-OGUNRO,
